trade_date,index,ts_code,open,high,low,close,pre_close,change,pct_chg,vol,amount
20191129,0,600015.SH,7.45,7.49,7.43,7.43,7.45,-0.02,-0.2685,107476.45,80090.531
20191128,1,600015.SH,7.45,7.48,7.43,7.45,7.45,0.0,0.0,96029.75,71581.138
20191127,2,600015.SH,7.5,7.51,7.44,7.45,7.52,-0.07,-0.9309,117412.38,87760.961
20191126,3,600015.SH,7.49,7.52,7.47,7.52,7.48,0.04,0.5348,265429.41,199118.505
20191125,4,600015.SH,7.41,7.5,7.4,7.48,7.41,0.07,0.9447,217469.0,162356.662
20191122,5,600015.SH,7.41,7.45,7.38,7.41,7.4,0.01,0.1351,121439.65,89977.328
20191121,6,600015.SH,7.43,7.44,7.38,7.4,7.43,-0.03,-0.4038,139159.21,103007.969
20191120,7,600015.SH,7.51,7.52,7.43,7.43,7.52,-0.09,-1.1968,115351.73,86116.753
20191119,8,600015.SH,7.48,7.53,7.47,7.52,7.49,0.03,0.4005,96605.94,72485.948
20191118,9,600015.SH,7.46,7.52,7.42,7.49,7.45,0.04,0.5369,157752.56,117848.195
20191115,10,600015.SH,7.48,7.51,7.45,7.45,7.48,-0.03,-0.4011,100470.64,75073.173
20191114,11,600015.SH,7.51,7.53,7.46,7.48,7.5,-0.02,-0.2667,105744.18,79215.053
20191113,12,600015.SH,7.53,7.56,7.48,7.5,7.55,-0.05,-0.6623,105187.64,78987.294
20191112,13,600015.SH,7.55,7.56,7.51,7.55,7.53,0.02,0.2656,103565.9,78104.296
20191111,14,600015.SH,7.63,7.63,7.5,7.53,7.64,-0.11,-1.4398,184221.66,139243.038
20191108,15,600015.SH,7.73,7.75,7.63,7.64,7.7,-0.06,-0.7792,141234.71,108427.169
20191107,16,600015.SH,7.72,7.75,7.68,7.7,7.72,-0.02,-0.2591,129253.66,99671.409
20191106,17,600015.SH,7.7,7.77,7.69,7.72,7.7,0.02,0.2597,211575.74,163452.685
20191105,18,600015.SH,7.6,7.77,7.6,7.7,7.62,0.08,1.0499,334203.01,257368.757
20191104,19,600015.SH,7.55,7.63,7.54,7.62,7.56,0.06,0.7937,221749.34,168464.71
20191101,20,600015.SH,7.48,7.57,7.44,7.56,7.49,0.07,0.9346,209926.7,157703.037
20191031,21,600015.SH,7.57,7.57,7.45,7.49,7.59,-0.1,-1.3175,258671.57,193556.179
20191030,22,600015.SH,7.58,7.6,7.54,7.59,7.58,0.01,0.1319,142544.5,107902.226
20191029,23,600015.SH,7.63,7.65,7.57,7.58,7.64,-0.06,-0.7853,188850.75,143862.259
20191028,24,600015.SH,7.65,7.68,7.61,7.64,7.66,-0.02,-0.2611,175345.8,133924.082
20191025,25,600015.SH,7.68,7.71,7.6,7.66,7.7,-0.04,-0.5195,178960.08,136885.798
20191024,26,600015.SH,7.66,7.75,7.64,7.7,7.65,0.05,0.6536,200752.96,154684.785
20191023,27,600015.SH,7.66,7.69,7.61,7.65,7.66,-0.01,-0.1305,127560.2,97560.808
20191022,28,600015.SH,7.68,7.68,7.61,7.66,7.67,-0.01,-0.1304,110930.71,84799.987
20191021,29,600015.SH,7.57,7.67,7.55,7.67,7.56,0.11,1.455,206686.32,157645.759
20191018,30,600015.SH,7.69,7.73,7.56,7.56,7.66,-0.1,-1.3055,218971.68,167298.962
20191017,31,600015.SH,7.72,7.74,7.63,7.66,7.7,-0.04,-0.5195,174580.04,134133.722
20191016,32,600015.SH,7.8,7.87,7.68,7.7,7.77,-0.07,-0.9009,332340.67,257797.217
20191015,33,600015.SH,7.76,7.81,7.74,7.77,7.77,0.0,0.0,251828.5,195664.931
20191014,34,600015.SH,7.65,7.88,7.63,7.77,7.61,0.16,2.1025,585795.7,455335.651
20191011,35,600015.SH,7.54,7.62,7.52,7.61,7.53,0.08,1.0624,290471.97,220518.122
20191010,36,600015.SH,7.51,7.57,7.5,7.53,7.52,0.01,0.133,149226.88,112412.873
20191009,37,600015.SH,7.41,7.6,7.39,7.52,7.44,0.08,1.0753,274096.58,206217.444
20191008,38,600015.SH,7.38,7.48,7.37,7.44,7.38,0.06,0.813,153324.34,113949.408
20190930,39,600015.SH,7.48,7.49,7.37,7.38,7.48,-0.1,-1.3369,162677.11,120854.452
20190927,40,600015.SH,7.51,7.51,7.43,7.48,7.51,-0.03,-0.3995,135034.89,100773.19
20190926,41,600015.SH,7.45,7.53,7.44,7.51,7.43,0.08,1.0767,245247.02,184122.925
20190925,42,600015.SH,7.44,7.49,7.41,7.43,7.46,-0.03,-0.4021,107122.76,79795.846
20190924,43,600015.SH,7.45,7.49,7.42,7.46,7.45,0.01,0.1342,104207.55,77664.915
20190923,44,600015.SH,7.48,7.49,7.42,7.45,7.51,-0.06,-0.7989,137816.39,102564.898
20190920,45,600015.SH,7.49,7.51,7.44,7.51,7.47,0.04,0.5355,214678.94,160678.955
20190919,46,600015.SH,7.45,7.5,7.43,7.47,7.43,0.04,0.5384,103043.41,76926.207
20190918,47,600015.SH,7.46,7.49,7.43,7.43,7.44,-0.01,-0.1344,92759.53,69204.195
20190917,48,600015.SH,7.53,7.54,7.44,7.44,7.54,-0.1,-1.3263,195799.49,146668.66
20190916,49,600015.SH,7.57,7.58,7.52,7.54,7.57,-0.03,-0.3963,126221.48,95136.343
20190912,50,600015.SH,7.55,7.58,7.54,7.57,7.55,0.02,0.2649,127054.68,96001.788
20190911,51,600015.SH,7.52,7.57,7.5,7.55,7.5,0.05,0.6667,187983.77,141726.847
20190910,52,600015.SH,7.52,7.53,7.46,7.5,7.52,-0.02,-0.266,98260.95,73568.874
20190909,53,600015.SH,7.56,7.57,7.49,7.52,7.5,0.02,0.2667,144521.41,108650.433
20190906,54,600015.SH,7.48,7.51,7.45,7.5,7.47,0.03,0.4016,126809.16,94854.501
20190905,55,600015.SH,7.42,7.55,7.42,7.47,7.41,0.06,0.8097,280715.94,210274.155
20190904,56,600015.SH,7.3,7.42,7.3,7.41,7.31,0.1,1.368,205199.31,151417.36
20190903,57,600015.SH,7.31,7.34,7.3,7.31,7.31,0.0,0.0,107553.05,78700.225
20190902,58,600015.SH,7.24,7.33,7.24,7.31,7.24,0.07,0.9669,158145.45,115458.199
20190830,59,600015.SH,7.28,7.3,7.23,7.24,7.26,-0.02,-0.2755,133396.23,97000.997
20190829,60,600015.SH,7.3,7.31,7.25,7.26,7.29,-0.03,-0.4115,105810.87,77018.555
20190828,61,600015.SH,7.29,7.32,7.26,7.29,7.25,0.04,0.5517,152316.3,110956.402
20190827,62,600015.SH,7.27,7.37,7.25,7.25,7.27,-0.02,-0.2751,233226.31,170697.973
20190826,63,600015.SH,7.25,7.3,7.24,7.27,7.33,-0.06,-0.8186,109411.48,79431.835
20190823,64,600015.SH,7.32,7.36,7.31,7.33,7.32,0.01,0.1366,107374.03,78785.898
20190822,65,600015.SH,7.31,7.32,7.28,7.32,7.3,0.02,0.274,78468.58,57263.803
20190821,66,600015.SH,7.31,7.33,7.29,7.3,7.33,-0.03,-0.4093,78620.5,57495.242
20190820,67,600015.SH,7.31,7.34,7.28,7.33,7.34,-0.01,-0.1362,128236.01,93819.357
20190819,68,600015.SH,7.24,7.35,7.19,7.34,7.24,0.1,1.3812,230576.99,167357.573
20190816,69,600015.SH,7.26,7.28,7.22,7.24,7.26,-0.02,-0.2755,92102.51,66806.408
20190815,70,600015.SH,7.18,7.27,7.18,7.26,7.29,-0.03,-0.4115,134918.7,97550.479
20190814,71,600015.SH,7.34,7.36,7.29,7.29,7.29,0.0,0.0,86954.16,63680.024
20190813,72,600015.SH,7.33,7.33,7.28,7.29,7.36,-0.07,-0.9511,122645.0,89477.171
20190812,73,600015.SH,7.25,7.37,7.25,7.36,7.26,0.1,1.3774,115052.51,84138.161
20190809,74,600015.SH,7.25,7.27,7.23,7.26,7.24,0.02,0.2762,86486.19,62676.846
20190808,75,600015.SH,7.24,7.28,7.22,7.24,7.21,0.03,0.4161,131903.92,95544.631
20190807,76,600015.SH,7.23,7.27,7.21,7.21,7.23,-0.02,-0.2766,107922.5,78005.292
20190806,77,600015.SH,7.2,7.25,7.18,7.23,7.33,-0.1,-1.3643,202632.61,146174.502
20190805,78,600015.SH,7.45,7.46,7.33,7.33,7.47,-0.14,-1.8742,171989.95,127340.189
20190802,79,600015.SH,7.49,7.49,7.44,7.47,7.53,-0.06,-0.7968,144113.43,107498.904
20190801,80,600015.SH,7.56,7.57,7.52,7.53,7.56,-0.03,-0.3968,98541.49,74325.185
20190731,81,600015.SH,7.6,7.62,7.56,7.56,7.62,-0.06,-0.7874,125453.99,95103.603
20190730,82,600015.SH,7.56,7.63,7.55,7.62,7.56,0.06,0.7937,145108.81,110334.089
20190729,83,600015.SH,7.57,7.58,7.55,7.56,7.57,-0.01,-0.1321,89594.34,67745.959
20190726,84,600015.SH,7.56,7.57,7.54,7.57,7.57,0.0,0.0,96754.94,73139.184
20190725,85,600015.SH,7.51,7.58,7.51,7.57,7.52,0.05,0.6649,123138.5,93032.112
20190724,86,600015.SH,7.5,7.54,7.49,7.52,7.48,0.04,0.5348,99686.55,74970.107
20190723,87,600015.SH,7.47,7.5,7.46,7.48,7.47,0.01,0.1339,67626.09,50570.832
20190722,88,600015.SH,7.5,7.5,7.42,7.47,7.5,-0.03,-0.4,120892.33,90286.475
20190719,89,600015.SH,7.48,7.51,7.45,7.5,7.45,0.05,0.6711,97130.44,72741.823
20190718,90,600015.SH,7.48,7.48,7.44,7.45,7.49,-0.04,-0.534,94338.96,70377.392
20190717,91,600015.SH,7.52,7.53,7.49,7.49,7.53,-0.04,-0.5312,73936.42,55455.243
20190716,92,600015.SH,7.52,7.53,7.5,7.53,7.52,0.01,0.133,68791.85,51714.415
20190715,93,600015.SH,7.52,7.55,7.43,7.52,7.52,0.0,0.0,110237.41,82554.298
20190712,94,600015.SH,7.5,7.55,7.48,7.52,7.48,0.04,0.5348,77868.17,58559.57
20190711,95,600015.SH,7.5,7.52,7.47,7.48,7.47,0.01,0.1339,102141.36,76548.04
20190710,96,600015.SH,7.68,7.7,7.64,7.64,7.68,-0.04,-0.5208,127192.38,97463.717
20190709,97,600015.SH,7.68,7.7,7.66,7.68,7.69,-0.01,-0.13,95638.64,73451.747
20190708,98,600015.SH,7.8,7.81,7.65,7.69,7.8,-0.11,-1.4103,206708.52,159338.451
20190705,99,600015.SH,7.83,7.83,7.77,7.8,7.81,-0.01,-0.128,115758.76,90268.624
20190704,100,600015.SH,7.79,7.84,7.79,7.81,7.81,0.0,0.0,150763.9,117838.691
20190703,101,600015.SH,7.78,7.82,7.73,7.81,7.78,0.03,0.3856,163463.63,127064.574
20190702,102,600015.SH,7.78,7.79,7.74,7.78,7.77,0.01,0.1287,166224.93,129047.566
20190701,103,600015.SH,7.77,7.79,7.74,7.77,7.7,0.07,0.9091,184646.72,143440.221
20190628,104,600015.SH,7.72,7.72,7.66,7.7,7.7,0.0,0.0,106754.7,82023.371
20190627,105,600015.SH,7.7,7.77,7.68,7.7,7.7,0.0,0.0,175633.36,135710.329
20190626,106,600015.SH,7.67,7.72,7.66,7.7,7.7,0.0,0.0,110392.83,84937.655
20190625,107,600015.SH,7.79,7.79,7.66,7.7,7.79,-0.09,-1.1553,240831.58,185437.232
20190624,108,600015.SH,7.78,7.81,7.76,7.79,7.78,0.01,0.1285,122975.36,95660.672
20190621,109,600015.SH,7.78,7.81,7.75,7.78,7.79,-0.01,-0.1284,271365.09,211170.183
20190620,110,600015.SH,7.66,7.85,7.65,7.79,7.66,0.13,1.6971,422537.62,327830.31
20190619,111,600015.SH,7.71,7.72,7.65,7.66,7.62,0.04,0.5249,235724.56,180846.043
20190618,112,600015.SH,7.62,7.63,7.59,7.62,7.61,0.01,0.1314,107451.72,81760.221
20190617,113,600015.SH,7.61,7.64,7.58,7.61,7.59,0.02,0.2635,120480.29,91632.051
20190614,114,600015.SH,7.64,7.64,7.57,7.59,7.62,-0.03,-0.3937,173722.34,132050.794
20190613,115,600015.SH,7.63,7.65,7.59,7.62,7.63,-0.01,-0.1311,133041.41,101382.302
20190612,116,600015.SH,7.65,7.65,7.61,7.63,7.66,-0.03,-0.3916,156940.77,119690.738
20190611,117,600015.SH,7.58,7.67,7.56,7.66,7.57,0.09,1.1889,313194.09,238977.981
20190610,118,600015.SH,7.54,7.6,7.52,7.57,7.51,0.06,0.7989,182317.76,137827.066
20190606,119,600015.SH,7.55,7.56,7.51,7.51,7.54,-0.03,-0.3979,135431.76,101919.789
20190605,120,600015.SH,7.54,7.58,7.54,7.54,7.53,0.01,0.1328,136420.97,103108.526
20190604,121,600015.SH,7.51,7.53,7.49,7.53,7.53,0.0,0.0,135187.3,101497.423
20190603,122,600015.SH,7.5,7.54,7.48,7.53,7.5,0.03,0.4,273549.96,205467.923
20190531,123,600015.SH,7.51,7.53,7.48,7.5,7.51,-0.01,-0.1332,118041.37,88565.239
20190530,124,600015.SH,7.5,7.52,7.46,7.51,7.5,0.01,0.1333,134129.98,100350.9
20190529,125,600015.SH,7.53,7.55,7.5,7.5,7.56,-0.06,-0.7937,118144.63,88809.18
20190528,126,600015.SH,7.51,7.57,7.47,7.56,7.53,0.03,0.3984,347528.68,261447.331
20190527,127,600015.SH,7.46,7.55,7.4,7.53,7.48,0.05,0.6684,298119.05,222556.231
20190524,128,600015.SH,7.48,7.52,7.46,7.48,7.48,0.0,0.0,195464.69,146339.469
20190523,129,600015.SH,7.53,7.53,7.48,7.48,7.53,-0.05,-0.664,146867.08,110069.166
20190522,130,600015.SH,7.58,7.58,7.51,7.53,7.56,-0.03,-0.3968,127316.82,95983.65
20190521,131,600015.SH,7.48,7.58,7.48,7.56,7.49,0.07,0.9346,204762.51,154447.361
20190520,132,600015.SH,7.48,7.52,7.46,7.49,7.48,0.01,0.1337,168877.39,126386.323
20190517,133,600015.SH,7.61,7.62,7.45,7.48,7.59,-0.11,-1.4493,296373.39,223422.455
20190516,134,600015.SH,7.57,7.63,7.55,7.59,7.57,0.02,0.2642,283624.66,215544.337
20190515,135,600015.SH,7.54,7.59,7.5,7.57,7.47,0.1,1.3387,291378.97,219821.9
20190514,136,600015.SH,7.45,7.51,7.44,7.47,7.5,-0.03,-0.4,207731.4,155237.51
20190513,137,600015.SH,7.55,7.56,7.48,7.5,7.61,-0.11,-1.4455,231154.52,173601.591
20190510,138,600015.SH,7.54,7.62,7.48,7.61,7.52,0.09,1.1968,364925.2,276354.748
20190509,139,600015.SH,7.5,7.55,7.48,7.52,7.53,-0.01,-0.1328,276995.33,208141.516
20190508,140,600015.SH,7.52,7.59,7.49,7.53,7.59,-0.06,-0.7905,286859.7,216086.725
20190507,141,600015.SH,7.71,7.72,7.54,7.59,7.7,-0.11,-1.4286,512311.51,391199.026
20190506,142,600015.SH,7.88,7.88,7.61,7.7,8.02,-0.32,-3.99,811794.01,628727.162
20190430,143,600015.SH,8.06,8.1,7.97,8.02,8.25,-0.23,-2.7879,833359.59,669484.317
20190429,144,600015.SH,8.22,8.33,8.21,8.25,8.22,0.03,0.365,372746.46,308145.536
20190426,145,600015.SH,8.33,8.35,8.21,8.22,8.35,-0.13,-1.5569,367670.87,304483.695
20190425,146,600015.SH,8.46,8.48,8.31,8.35,8.5,-0.15,-1.7647,376050.45,316195.744
20190424,147,600015.SH,8.5,8.53,8.42,8.5,8.47,0.03,0.3542,332833.52,281891.647
20190423,148,600015.SH,8.5,8.54,8.46,8.47,8.5,-0.03,-0.3529,323253.5,274893.499
20190422,149,600015.SH,8.7,8.71,8.5,8.5,8.68,-0.18,-2.0737,564686.35,484797.091
20190419,150,600015.SH,8.72,8.76,8.6,8.68,8.75,-0.07,-0.8,706216.22,612663.157
20190418,151,600015.SH,8.7,8.82,8.65,8.75,8.7,0.05,0.5747,599772.85,524110.581
20190417,152,600015.SH,8.69,8.77,8.64,8.7,8.72,-0.02,-0.2294,657289.6,571857.236
20190416,153,600015.SH,8.41,8.73,8.39,8.72,8.45,0.27,3.1953,1000513.54,861924.472
20190415,154,600015.SH,8.55,8.64,8.45,8.45,8.44,0.01,0.1185,618284.87,529970.184
20190412,155,600015.SH,8.42,8.46,8.4,8.44,8.43,0.01,0.1186,263799.93,222359.705
20190411,156,600015.SH,8.5,8.59,8.4,8.43,8.5,-0.07,-0.8235,372882.65,316468.075
20190410,157,600015.SH,8.51,8.55,8.45,8.5,8.52,-0.02,-0.2347,424758.31,360665.461
20190409,158,600015.SH,8.59,8.64,8.48,8.52,8.6,-0.08,-0.9302,530364.49,453944.5
20190408,159,600015.SH,8.62,8.78,8.53,8.6,8.56,0.04,0.4673,1112192.48,962900.629
20190404,160,600015.SH,8.45,8.6,8.45,8.56,8.45,0.11,1.3018,805705.8,687333.951
20190403,161,600015.SH,8.34,8.45,8.3,8.45,8.39,0.06,0.7151,574900.23,481847.45
20190402,162,600015.SH,8.45,8.49,8.38,8.39,8.45,-0.06,-0.7101,535582.2,451291.911
20190401,163,600015.SH,8.27,8.47,8.25,8.45,8.25,0.2,2.4242,803690.79,675484.337
20190329,164,600015.SH,8.11,8.28,8.08,8.25,8.09,0.16,1.9778,518742.02,426399.911
20190328,165,600015.SH,8.12,8.13,8.05,8.09,8.15,-0.06,-0.7362,206664.52,167131.607
20190327,166,600015.SH,8.11,8.19,8.1,8.15,8.1,0.05,0.6173,308234.75,251115.364
20190326,167,600015.SH,8.21,8.23,8.08,8.1,8.18,-0.08,-0.978,261776.29,213247.552
20190325,168,600015.SH,8.23,8.27,8.17,8.18,8.31,-0.13,-1.5644,407012.11,334864.835
20190322,169,600015.SH,8.35,8.38,8.26,8.31,8.35,-0.04,-0.479,372498.36,309661.958
20190321,170,600015.SH,8.36,8.39,8.33,8.35,8.38,-0.03,-0.358,338991.44,283356.019
20190320,171,600015.SH,8.32,8.41,8.31,8.38,8.35,0.03,0.3593,434830.18,363253.127
20190319,172,600015.SH,8.38,8.39,8.31,8.35,8.38,-0.03,-0.358,413293.34,345116.922
20190318,173,600015.SH,8.25,8.38,8.21,8.38,8.24,0.14,1.699,604580.36,501425.23
20190315,174,600015.SH,8.25,8.33,8.23,8.24,8.25,-0.01,-0.1212,382581.75,316502.261
20190314,175,600015.SH,8.26,8.36,8.22,8.25,8.29,-0.04,-0.4825,357586.27,296000.114
20190313,176,600015.SH,8.33,8.38,8.22,8.29,8.32,-0.03,-0.3606,594692.02,492660.635
20190312,177,600015.SH,8.34,8.44,8.28,8.32,8.29,0.03,0.3619,598594.19,500721.388
20190311,178,600015.SH,8.2,8.34,8.18,8.29,8.14,0.15,1.8428,488705.38,403906.506
20190308,179,600015.SH,8.44,8.44,8.11,8.14,8.55,-0.41,-4.7953,856621.94,709211.914
20190307,180,600015.SH,8.56,8.58,8.47,8.55,8.59,-0.04,-0.4657,743729.79,634199.412
20190306,181,600015.SH,8.51,8.63,8.48,8.59,8.52,0.07,0.8216,640229.04,546794.265
20190305,182,600015.SH,8.5,8.54,8.44,8.52,8.55,-0.03,-0.3509,577844.51,490701.576
20190304,183,600015.SH,8.64,8.84,8.5,8.55,8.58,-0.03,-0.3497,1482339.58,1283455.027
20190301,184,600015.SH,8.36,8.59,8.24,8.58,8.32,0.26,3.125,790639.02,664906.54
20190228,185,600015.SH,8.35,8.44,8.28,8.32,8.36,-0.04,-0.4785,504268.71,420809.441
20190227,186,600015.SH,8.22,8.62,8.22,8.36,8.22,0.14,1.7032,1005288.35,844271.506
20190226,187,600015.SH,8.33,8.38,8.17,8.22,8.36,-0.14,-1.6746,806420.38,667716.928
20190225,188,600015.SH,7.91,8.43,7.89,8.36,7.83,0.53,6.7688,1212259.85,982164.05
20190222,189,600015.SH,7.71,7.84,7.65,7.83,7.71,0.12,1.5564,378731.51,293477.549
20190221,190,600015.SH,7.77,7.8,7.69,7.71,7.77,-0.06,-0.7722,363585.97,281564.757
20190220,191,600015.SH,7.81,7.82,7.74,7.77,7.8,-0.03,-0.3846,253378.02,196862.601
20190219,192,600015.SH,7.81,7.88,7.77,7.8,7.81,-0.01,-0.128,311364.16,243177.897
20190218,193,600015.SH,7.69,7.81,7.68,7.81,7.66,0.15,1.9582,263496.5,204510.412
20190215,194,600015.SH,7.77,7.78,7.65,7.66,7.79,-0.13,-1.6688,280054.58,216402.02
20190214,195,600015.SH,7.8,7.85,7.76,7.79,7.83,-0.04,-0.5109,230210.07,179462.487
20190213,196,600015.SH,7.68,7.86,7.66,7.83,7.68,0.15,1.9531,458632.68,355984.163
20190212,197,600015.SH,7.65,7.73,7.61,7.68,7.65,0.03,0.3922,248829.45,190771.204
20190211,198,600015.SH,7.57,7.67,7.56,7.65,7.58,0.07,0.9235,305881.63,232588.032
20190201,199,600015.SH,7.59,7.61,7.54,7.58,7.57,0.01,0.1321,271027.5,205140.67
20190131,200,600015.SH,7.53,7.62,7.5,7.57,7.51,0.06,0.7989,377438.78,285103.639
20190130,201,600015.SH,7.51,7.54,7.49,7.51,7.54,-0.03,-0.3979,210653.08,158328.252
20190129,202,600015.SH,7.49,7.55,7.44,7.54,7.5,0.04,0.5333,274469.16,205963.916
20190128,203,600015.SH,7.56,7.59,7.47,7.5,7.52,-0.02,-0.266,273434.69,206068.186
20190125,204,600015.SH,7.46,7.56,7.45,7.52,7.45,0.07,0.9396,303694.43,228480.636
20190124,205,600015.SH,7.45,7.47,7.41,7.45,7.43,0.02,0.2692,129325.4,96188.874
20190123,206,600015.SH,7.41,7.46,7.41,7.43,7.42,0.01,0.1348,100790.54,74920.921
20190122,207,600015.SH,7.49,7.49,7.41,7.42,7.48,-0.06,-0.8021,100455.05,74788.153
20190121,208,600015.SH,7.51,7.54,7.47,7.48,7.5,-0.02,-0.2667,188651.88,141478.367
20190118,209,600015.SH,7.42,7.51,7.4,7.5,7.4,0.1,1.3514,252960.5,188910.496
20190117,210,600015.SH,7.44,7.45,7.36,7.4,7.43,-0.03,-0.4038,193065.87,143078.628
20190116,211,600015.SH,7.43,7.46,7.41,7.43,7.45,-0.02,-0.2685,135536.82,100710.318
20190115,212,600015.SH,7.39,7.46,7.34,7.45,7.37,0.08,1.0855,222640.0,165061.055
20190114,213,600015.SH,7.45,7.46,7.37,7.37,7.46,-0.09,-1.2064,160568.27,118985.184
20190111,214,600015.SH,7.43,7.48,7.41,7.46,7.42,0.04,0.5391,135747.94,101140.641
20190110,215,600015.SH,7.46,7.47,7.41,7.42,7.45,-0.03,-0.4027,130398.77,97022.041
20190109,216,600015.SH,7.42,7.53,7.42,7.45,7.41,0.04,0.5398,216649.0,162309.422
20190108,217,600015.SH,7.45,7.45,7.4,7.41,7.45,-0.04,-0.5369,132480.0,98325.085
20190107,218,600015.SH,7.52,7.53,7.41,7.45,7.49,-0.04,-0.534,246929.35,184126.859
20190104,219,600015.SH,7.31,7.49,7.28,7.49,7.35,0.14,1.9048,216090.87,160283.512
20190103,220,600015.SH,7.32,7.4,7.29,7.35,7.31,0.04,0.5472,120735.44,88623.562
20190102,221,600015.SH,7.4,7.4,7.24,7.31,7.39,-0.08,-1.0825,151612.79,110739.783
20181228,222,600015.SH,7.3,7.4,7.3,7.39,7.29,0.1,1.3717,179615.36,132279.583
20181227,223,600015.SH,7.36,7.36,7.27,7.29,7.28,0.01,0.1374,175833.27,128604.139
20181226,224,600015.SH,7.28,7.32,7.25,7.28,7.3,-0.02,-0.274,114683.31,83599.882
20181225,225,600015.SH,7.31,7.32,7.2,7.3,7.37,-0.07,-0.9498,193224.32,140434.24
20181224,226,600015.SH,7.32,7.37,7.31,7.37,7.37,0.0,0.0,117089.69,85974.824
20181221,227,600015.SH,7.38,7.39,7.34,7.37,7.43,-0.06,-0.8075,146731.54,108013.521
20181220,228,600015.SH,7.49,7.5,7.38,7.43,7.49,-0.06,-0.8011,195035.03,144730.469
20181219,229,600015.SH,7.56,7.58,7.48,7.49,7.54,-0.05,-0.6631,109927.85,82743.193
20181218,230,600015.SH,7.53,7.63,7.52,7.54,7.55,-0.01,-0.1325,197054.31,149121.847
20181217,231,600015.SH,7.56,7.58,7.51,7.55,7.58,-0.03,-0.3958,163354.64,123148.729
20181214,232,600015.SH,7.69,7.7,7.57,7.58,7.72,-0.14,-1.8135,170922.41,130297.361
20181213,233,600015.SH,7.67,7.75,7.64,7.72,7.67,0.05,0.6519,165124.32,127295.37
20181212,234,600015.SH,7.68,7.69,7.63,7.67,7.66,0.01,0.1305,90448.81,69283.033
20181211,235,600015.SH,7.66,7.68,7.64,7.66,7.65,0.01,0.1307,56569.98,43322.819
20181210,236,600015.SH,7.69,7.69,7.64,7.65,7.72,-0.07,-0.9067,85601.13,65570.043
20181207,237,600015.SH,7.73,7.73,7.7,7.72,7.71,0.01,0.1297,79073.35,60973.568
20181206,238,600015.SH,7.77,7.78,7.7,7.71,7.81,-0.1,-1.2804,147675.51,114070.558
20181205,239,600015.SH,7.8,7.82,7.77,7.81,7.87,-0.06,-0.7624,148125.46,115575.889
20181204,240,600015.SH,7.85,7.88,7.82,7.87,7.87,0.0,0.0,161386.86,126676.367
20181203,241,600015.SH,7.88,7.92,7.84,7.87,7.79,0.08,1.027,304182.74,239814.425
20181130,242,600015.SH,7.73,7.79,7.72,7.79,7.74,0.05,0.646,130027.6,101029.931
20181129,243,600015.SH,7.81,7.82,7.71,7.74,7.78,-0.04,-0.5141,117664.66,91512.221
20181128,244,600015.SH,7.72,7.8,7.72,7.78,7.73,0.05,0.6468,117509.77,91234.837
20181127,245,600015.SH,7.78,7.82,7.73,7.73,7.76,-0.03,-0.3866,131595.25,102239.329
20181126,246,600015.SH,7.76,7.82,7.74,7.76,7.74,0.02,0.2584,106051.01,82391.331
20181123,247,600015.SH,7.86,7.89,7.74,7.74,7.88,-0.14,-1.7766,211764.9,165248.403
20181122,248,600015.SH,7.91,7.93,7.85,7.88,7.88,0.0,0.0,124306.92,98001.804
20181121,249,600015.SH,7.82,7.88,7.82,7.88,7.86,0.02,0.2545,140856.81,110633.994
20181120,250,600015.SH,7.96,8.0,7.85,7.86,8.01,-0.15,-1.8727,232930.48,184232.962
20181119,251,600015.SH,7.92,8.02,7.9,8.01,7.92,0.09,1.1364,317956.46,253804.162
20181116,252,600015.SH,7.91,7.97,7.86,7.92,7.91,0.01,0.1264,291992.29,231290.601
20181115,253,600015.SH,7.82,7.93,7.82,7.91,7.83,0.08,1.0217,197026.97,155567.261
20181114,254,600015.SH,7.91,7.92,7.82,7.83,7.93,-0.1,-1.261,173421.61,136577.51
20181113,255,600015.SH,7.78,7.96,7.77,7.93,7.86,0.07,0.8906,227487.71,178915.855
20181112,256,600015.SH,7.8,7.88,7.78,7.86,7.75,0.11,1.4194,200800.49,157169.103
20181109,257,600015.SH,7.85,7.85,7.73,7.75,7.89,-0.14,-1.7744,272218.49,211428.248
20181108,258,600015.SH,7.92,7.96,7.87,7.89,7.88,0.01,0.1269,198918.58,157370.411
20181107,259,600015.SH,7.92,7.97,7.86,7.88,7.92,-0.04,-0.5051,235553.4,186449.674
20181106,260,600015.SH,7.95,7.97,7.87,7.92,7.97,-0.05,-0.6274,204629.63,161826.902
20181105,261,600015.SH,8.04,8.05,7.93,7.97,8.09,-0.12,-1.4833,365836.86,292001.261
20181102,262,600015.SH,8.01,8.11,7.93,8.09,7.93,0.16,2.0177,483607.25,388188.052
20181101,263,600015.SH,8.01,8.06,7.92,7.93,8.0,-0.07,-0.875,315337.98,252238.273
20181031,264,600015.SH,8.05,8.06,7.98,8.0,8.05,-0.05,-0.6211,273244.46,218967.869
20181030,265,600015.SH,7.93,8.11,7.9,8.05,7.94,0.11,1.3854,367876.18,295492.226
20181029,266,600015.SH,8.02,8.1,7.87,7.94,8.04,-0.1,-1.2438,269167.25,214287.514
20181026,267,600015.SH,8.06,8.08,7.95,8.04,8.06,-0.02,-0.2481,261528.65,209473.71
20181025,268,600015.SH,7.85,8.12,7.82,8.06,8.0,0.06,0.75,406756.35,323368.346
20181024,269,600015.SH,7.83,8.18,7.82,8.0,7.82,0.18,2.3018,558632.02,447727.911
20181023,270,600015.SH,7.96,8.01,7.79,7.82,8.01,-0.19,-2.372,392300.61,309631.288
20181022,271,600015.SH,7.8,8.08,7.78,8.01,7.79,0.22,2.8241,580505.91,461987.13
20181019,272,600015.SH,7.48,7.79,7.45,7.79,7.53,0.26,3.4529,405812.84,310735.799
20181018,273,600015.SH,7.67,7.68,7.53,7.53,7.69,-0.16,-2.0806,249283.64,189391.668
20181017,274,600015.SH,7.7,7.76,7.61,7.69,7.64,0.05,0.6545,329253.71,253205.294
20181016,275,600015.SH,7.59,7.74,7.58,7.64,7.59,0.05,0.6588,310393.87,237242.811
20181015,276,600015.SH,7.71,7.72,7.56,7.59,7.7,-0.11,-1.4286,270906.54,207056.183
20181012,277,600015.SH,7.54,7.73,7.51,7.7,7.55,0.15,1.9868,366044.19,279063.905
20181011,278,600015.SH,7.66,7.75,7.5,7.55,7.85,-0.3,-3.8217,450620.45,343981.208
20181010,279,600015.SH,7.86,7.96,7.83,7.85,7.84,0.01,0.1276,221141.37,174509.906
20181009,280,600015.SH,7.83,7.88,7.77,7.84,7.8,0.04,0.5128,297070.9,232616.66
20181008,281,600015.SH,8.0,8.02,7.78,7.8,8.17,-0.37,-4.5288,497227.5,392950.019
20180928,282,600015.SH,8.12,8.25,8.07,8.17,8.11,0.06,0.7398,494518.25,404019.346
20180927,283,600015.SH,8.07,8.13,8.04,8.11,8.11,0.0,0.0,354140.94,286053.898
20180926,284,600015.SH,7.95,8.2,7.94,8.11,7.95,0.16,2.0126,591701.67,478874.36
20180925,285,600015.SH,7.95,7.98,7.92,7.95,8.03,-0.08,-0.9963,366743.87,291422.732
20180921,286,600015.SH,7.78,8.05,7.72,8.03,7.76,0.27,3.4794,587395.38,463976.013
20180920,287,600015.SH,7.75,7.82,7.72,7.76,7.75,0.01,0.129,291876.33,226489.818
20180919,288,600015.SH,7.64,7.8,7.63,7.75,7.68,0.07,0.9115,473726.86,366029.653
20180918,289,600015.SH,7.53,7.69,7.53,7.68,7.45,0.23,3.0872,494533.22,376100.63
20180917,290,600015.SH,7.51,7.51,7.43,7.45,7.53,-0.08,-1.0624,156610.92,116843.588
20180914,291,600015.SH,7.53,7.56,7.51,7.53,7.55,-0.02,-0.2649,147601.15,111144.39
20180913,292,600015.SH,7.52,7.56,7.47,7.55,7.47,0.08,1.071,203149.74,152665.796
20180912,293,600015.SH,7.44,7.52,7.37,7.47,7.45,0.02,0.2685,197673.72,147059.767
20180911,294,600015.SH,7.51,7.54,7.43,7.45,7.5,-0.05,-0.6667,184105.2,137908.89
20180910,295,600015.SH,7.53,7.55,7.48,7.5,7.54,-0.04,-0.5305,171688.72,128868.675
20180907,296,600015.SH,7.52,7.61,7.52,7.54,7.53,0.01,0.1328,216145.07,163435.751
20180906,297,600015.SH,7.58,7.62,7.5,7.53,7.59,-0.06,-0.7905,243847.47,184496.49
20180905,298,600015.SH,7.7,7.75,7.59,7.59,7.76,-0.17,-2.1907,275225.06,210935.345
20180904,299,600015.SH,7.67,7.81,7.61,7.76,7.68,0.08,1.0417,377695.07,291299.826
20180903,300,600015.SH,7.71,7.76,7.62,7.68,7.75,-0.07,-0.9032,382755.17,294162.606
20180831,301,600015.SH,7.52,7.81,7.49,7.75,7.5,0.25,3.3333,704751.36,541311.226
20180830,302,600015.SH,7.63,7.69,7.49,7.5,7.64,-0.14,-1.8325,313182.24,236787.112
20180829,303,600015.SH,7.64,7.68,7.6,7.64,7.66,-0.02,-0.2611,188087.02,143594.183
20180828,304,600015.SH,7.65,7.74,7.63,7.66,7.71,-0.05,-0.6485,249861.31,191896.184
20180827,305,600015.SH,7.61,7.71,7.56,7.71,7.64,0.07,0.9162,455891.32,347994.18
20180824,306,600015.SH,7.35,7.84,7.34,7.64,7.37,0.27,3.6635,621693.15,471510.574
20180823,307,600015.SH,7.32,7.39,7.31,7.37,7.34,0.03,0.4087,205115.34,150810.52
20180822,308,600015.SH,7.4,7.41,7.32,7.34,7.4,-0.06,-0.8108,152935.52,112435.086
20180821,309,600015.SH,7.36,7.46,7.36,7.4,7.39,0.01,0.1353,185545.83,137483.683
20180820,310,600015.SH,7.28,7.4,7.28,7.39,7.26,0.13,1.7906,189482.81,139077.565
20180817,311,600015.SH,7.32,7.35,7.25,7.26,7.29,-0.03,-0.4115,108473.31,79288.067
20180816,312,600015.SH,7.28,7.36,7.22,7.29,7.32,-0.03,-0.4098,97144.73,70808.594
20180815,313,600015.SH,7.44,7.45,7.3,7.32,7.44,-0.12,-1.6129,112304.81,82657.425
20180814,314,600015.SH,7.45,7.46,7.41,7.44,7.45,-0.01,-0.1342,79783.13,59284.143
20180813,315,600015.SH,7.5,7.5,7.39,7.45,7.54,-0.09,-1.1936,118216.67,87920.991
20180810,316,600015.SH,7.53,7.56,7.5,7.54,7.54,0.0,0.0,79343.04,59719.057
20180809,317,600015.SH,7.41,7.58,7.39,7.54,7.42,0.12,1.6173,144673.55,108749.043
20180808,318,600015.SH,7.48,7.49,7.41,7.42,7.49,-0.07,-0.9346,143315.35,106761.891
20180807,319,600015.SH,7.37,7.5,7.32,7.49,7.35,0.14,1.9048,198747.0,147283.756
20180806,320,600015.SH,7.35,7.46,7.31,7.35,7.34,0.01,0.1362,141600.9,104437.402
20180803,321,600015.SH,7.35,7.41,7.32,7.34,7.34,0.0,0.0,99709.75,73496.563
20180802,322,600015.SH,7.45,7.49,7.27,7.34,7.49,-0.15,-2.0027,180117.55,132830.99
20180801,323,600015.SH,7.6,7.66,7.48,7.49,7.61,-0.12,-1.5769,193008.28,146577.949
20180731,324,600015.SH,7.59,7.66,7.54,7.61,7.59,0.02,0.2635,140005.62,106283.912
20180730,325,600015.SH,7.53,7.65,7.52,7.59,7.55,0.04,0.5298,141192.65,107104.803
20180727,326,600015.SH,7.57,7.59,7.51,7.55,7.57,-0.02,-0.2642,97870.96,73932.358
20180726,327,600015.SH,7.65,7.67,7.53,7.57,7.63,-0.06,-0.7864,162918.97,123528.371
20180725,328,600015.SH,7.66,7.67,7.6,7.63,7.64,-0.01,-0.1309,159815.14,121938.667
20180724,329,600015.SH,7.57,7.71,7.57,7.64,7.6,0.04,0.5263,273746.28,209584.787
20180723,330,600015.SH,7.41,7.63,7.4,7.6,7.46,0.14,1.8767,295207.03,221788.307
20180720,331,600015.SH,7.21,7.54,7.19,7.46,7.22,0.24,3.3241,304001.09,224621.939
20180719,332,600015.SH,7.29,7.31,7.2,7.22,7.27,-0.05,-0.69,96595.0,70035.312
20180718,333,600015.SH,7.26,7.34,7.25,7.27,7.25,0.02,0.28,113762.64,83027.641
20180717,334,600015.SH,7.29,7.29,7.21,7.25,7.27,-0.02,-0.28,90177.77,65375.948
20180716,335,600015.SH,7.35,7.37,7.26,7.27,7.35,-0.08,-1.09,111940.23,81760.088
20180713,336,600015.SH,7.38,7.39,7.33,7.35,7.38,-0.03,-0.41,110278.61,81056.067
20180712,337,600015.SH,7.16,7.38,7.14,7.38,7.18,0.2,2.79,253406.15,185211.948
20180711,338,600015.SH,7.25,7.25,7.12,7.18,7.35,-0.17,-2.31,213864.4,153753.404
20180710,339,600015.SH,7.39,7.39,7.31,7.35,7.39,-0.04,-0.54,158877.14,116667.064
20180709,340,600015.SH,7.23,7.4,7.22,7.39,7.23,0.16,2.21,252774.81,185369.896
20180706,341,600015.SH,7.17,7.28,7.1,7.23,7.18,0.05,0.7,215680.81,155223.268
20180705,342,600015.SH,7.23,7.27,7.12,7.18,7.24,-0.06,-0.83,195390.2,140609.405
20180704,343,600015.SH,7.29,7.33,7.22,7.24,7.29,-0.05,-0.69,124270.15,90331.994
20180703,344,600015.SH,7.3,7.32,7.2,7.29,7.29,0.0,0.0,180878.43,131543.74
20180702,345,600015.SH,7.45,7.46,7.26,7.29,7.45,-0.16,-2.15,157142.08,115691.548
20180629,346,600015.SH,7.38,7.47,7.36,7.45,7.36,0.09,1.22,131690.1,97673.204
20180628,347,600015.SH,7.44,7.56,7.42,7.51,7.47,0.04,0.54,196100.79,146915.451
20180627,348,600015.SH,7.53,7.56,7.42,7.47,7.53,-0.06,-0.8,186758.03,139993.049
20180626,349,600015.SH,7.66,7.66,7.49,7.53,7.67,-0.14,-1.83,241241.39,181984.924
20180625,350,600015.SH,7.77,7.8,7.66,7.67,7.74,-0.07,-0.9,121224.5,93615.926
20180622,351,600015.SH,7.68,7.74,7.65,7.74,7.7,0.04,0.52,284789.05,219627.192
20180621,352,600015.SH,7.75,7.81,7.68,7.7,7.74,-0.04,-0.52,165501.19,128140.43
20180620,353,600015.SH,7.72,7.78,7.67,7.74,7.74,0.0,0.0,207859.49,160554.984
20180619,354,600015.SH,7.93,7.93,7.65,7.74,7.98,-0.24,-3.01,320296.39,250317.719
20180615,355,600015.SH,7.96,8.03,7.95,7.98,7.95,0.03,0.38,220310.1,176005.818
20180614,356,600015.SH,7.93,7.98,7.91,7.95,7.93,0.02,0.25,147496.31,117059.285
20180613,357,600015.SH,7.99,8.0,7.91,7.93,8.01,-0.08,-1.0,154702.3,122939.615
20180612,358,600015.SH,7.99,8.03,7.94,8.01,8.03,-0.02,-0.25,241109.66,192571.988
20180611,359,600015.SH,8.1,8.13,7.99,8.03,8.15,-0.12,-1.47,332246.49,267115.704
20180608,360,600015.SH,8.29,8.29,8.12,8.15,8.29,-0.14,-1.69,247234.01,202088.655
20180607,361,600015.SH,8.34,8.36,8.28,8.29,8.32,-0.03,-0.36,181806.18,151319.785
20180606,362,600015.SH,8.37,8.37,8.29,8.32,8.37,-0.05,-0.6,111563.9,92852.296
20180605,363,600015.SH,8.37,8.38,8.34,8.37,8.39,-0.02,-0.24,97412.3,81417.302
20180604,364,600015.SH,8.33,8.42,8.33,8.39,8.34,0.05,0.6,127834.31,106989.4
20180601,365,600015.SH,8.32,8.37,8.3,8.34,8.33,0.01,0.12,168541.41,140417.589
20180531,366,600015.SH,8.26,8.35,8.24,8.33,8.21,0.12,1.46,210366.23,174816.28
20180530,367,600015.SH,8.32,8.33,8.21,8.21,8.36,-0.15,-1.79,164018.43,135639.96
20180529,368,600015.SH,8.42,8.43,8.3,8.36,8.43,-0.07,-0.83,156406.69,130839.755
20180528,369,600015.SH,8.44,8.44,8.37,8.43,8.42,0.01,0.12,170314.76,143142.899
20180525,370,600015.SH,8.47,8.5,8.4,8.42,8.47,-0.05,-0.59,142460.14,120397.692
20180524,371,600015.SH,8.47,8.51,8.44,8.47,8.47,0.0,0.0,122926.55,104228.239
20180523,372,600015.SH,8.55,8.55,8.47,8.47,8.55,-0.08,-0.94,141845.89,120660.692
20180522,373,600015.SH,8.6,8.62,8.5,8.55,8.61,-0.06,-0.7,148835.6,127240.071
20180521,374,600015.SH,8.59,8.62,8.58,8.61,8.56,0.05,0.58,159031.78,136755.388
20180518,375,600015.SH,8.52,8.57,8.46,8.56,8.5,0.06,0.71,145003.5,123484.566
20180517,376,600015.SH,8.51,8.54,8.49,8.5,8.51,-0.01,-0.12,149663.26,127409.491
20180516,377,600015.SH,8.55,8.56,8.5,8.51,8.56,-0.05,-0.58,118616.6,101201.152
20180515,378,600015.SH,8.6,8.61,8.54,8.56,8.59,-0.03,-0.35,196219.89,168094.22
20180514,379,600015.SH,8.5,8.6,8.5,8.59,8.5,0.09,1.06,287216.65,245750.445
20180511,380,600015.SH,8.48,8.53,8.47,8.5,8.47,0.03,0.35,209378.86,178026.419
20180510,381,600015.SH,8.46,8.48,8.42,8.47,8.44,0.03,0.36,172174.82,145653.392
20180509,382,600015.SH,8.48,8.48,8.43,8.44,8.48,-0.04,-0.47,160979.18,135976.963
20180508,383,600015.SH,8.44,8.52,8.4,8.48,8.44,0.04,0.47,298390.68,252903.697
20180507,384,600015.SH,8.4,8.47,8.39,8.44,8.41,0.03,0.36,214360.71,180592.394
20180504,385,600015.SH,8.44,8.45,8.39,8.41,8.46,-0.05,-0.59,198877.99,167286.91
20180503,386,600015.SH,8.47,8.48,8.38,8.46,8.48,-0.02,-0.24,259363.04,218590.79
20180502,387,600015.SH,8.72,8.73,8.46,8.48,8.71,-0.23,-2.64,399321.97,341953.33
20180427,388,600015.SH,8.7,8.72,8.62,8.71,8.68,0.03,0.35,180845.95,156899.082
20180426,389,600015.SH,8.75,8.78,8.66,8.68,8.75,-0.07,-0.8,139785.55,121604.871
20180425,390,600015.SH,8.8,8.84,8.73,8.75,8.83,-0.08,-0.91,152103.87,133451.235
20180424,391,600015.SH,8.69,8.86,8.69,8.83,8.68,0.15,1.73,226512.03,199596.7
20180423,392,600015.SH,8.64,8.75,8.64,8.68,8.67,0.01,0.12,167412.52,145380.516
20180420,393,600015.SH,8.78,8.78,8.65,8.67,8.8,-0.13,-1.48,171659.29,149444.212
20180419,394,600015.SH,8.76,8.82,8.75,8.8,8.75,0.05,0.57,96885.01,85191.821
20180418,395,600015.SH,8.78,8.8,8.71,8.75,8.69,0.06,0.69,139946.49,122452.116
20180417,396,600015.SH,8.74,8.79,8.69,8.69,8.73,-0.04,-0.46,118485.84,103615.503
20180416,397,600015.SH,8.86,8.88,8.71,8.73,8.88,-0.15,-1.69,212746.27,186501.181
20180413,398,600015.SH,8.95,8.98,8.86,8.88,8.92,-0.04,-0.45,84499.46,75394.337
20180412,399,600015.SH,9.01,9.02,8.91,8.92,9.03,-0.11,-1.22,117597.73,105255.375
20180411,400,600015.SH,8.95,9.1,8.92,9.03,8.94,0.09,1.01,237787.17,214193.087
20180410,401,600015.SH,8.8,8.95,8.79,8.94,8.79,0.15,1.71,172007.99,152648.619
20180409,402,600015.SH,8.8,8.83,8.76,8.79,8.81,-0.02,-0.23,101350.29,89091.727
20180404,403,600015.SH,8.82,8.88,8.8,8.81,8.82,-0.01,-0.11,99665.67,88110.008
20180403,404,600015.SH,8.82,8.84,8.77,8.82,8.87,-0.05,-0.56,130530.98,114951.806
20180402,405,600015.SH,8.91,8.95,8.84,8.87,8.91,-0.04,-0.45,160414.59,142684.401
20180330,406,600015.SH,8.96,8.96,8.89,8.91,8.96,-0.05,-0.56,128746.39,114784.185
20180329,407,600015.SH,8.84,8.98,8.8,8.96,8.84,0.12,1.36,201338.97,178832.469
20180328,408,600015.SH,8.84,8.94,8.8,8.84,8.85,-0.01,-0.11,181258.56,160547.134
20180327,409,600015.SH,8.91,8.95,8.82,8.85,8.84,0.01,0.11,236552.44,210262.898
20180326,410,600015.SH,8.82,8.86,8.76,8.84,8.89,-0.05,-0.56,233197.21,205549.313
20180323,411,600015.SH,9.0,9.03,8.84,8.89,9.13,-0.24,-2.63,365791.77,327378.1
20180322,412,600015.SH,9.18,9.21,9.1,9.13,9.18,-0.05,-0.54,134716.32,123227.976
20180321,413,600015.SH,9.22,9.27,9.17,9.18,9.22,-0.04,-0.43,147405.82,136047.607
20180320,414,600015.SH,9.18,9.23,9.15,9.22,9.2,0.02,0.22,86684.31,79722.538
20180319,415,600015.SH,9.17,9.2,9.15,9.2,9.19,0.01,0.11,105096.83,96414.607
20180316,416,600015.SH,9.25,9.25,9.18,9.19,9.26,-0.07,-0.76,166571.18,153433.721
20180315,417,600015.SH,9.27,9.3,9.2,9.26,9.29,-0.03,-0.32,147402.29,136273.966
20180314,418,600015.SH,9.31,9.33,9.25,9.29,9.32,-0.03,-0.32,134357.19,124826.336
20180313,419,600015.SH,9.36,9.44,9.31,9.32,9.36,-0.04,-0.43,178099.53,166975.996
20180312,420,600015.SH,9.35,9.38,9.32,9.36,9.35,0.01,0.11,189367.05,177123.626
20180309,421,600015.SH,9.35,9.38,9.32,9.35,9.35,0.0,0.0,142187.02,132854.698
20180308,422,600015.SH,9.33,9.37,9.29,9.35,9.33,0.02,0.21,113085.57,105651.292
20180307,423,600015.SH,9.39,9.48,9.33,9.33,9.36,-0.03,-0.32,257091.34,241932.076
20180306,424,600015.SH,9.32,9.36,9.26,9.36,9.3,0.06,0.65,205744.46,191480.467
20180305,425,600015.SH,9.3,9.36,9.26,9.3,9.32,-0.02,-0.21,120427.06,111957.717
20180302,426,600015.SH,9.27,9.36,9.23,9.32,9.31,0.01,0.11,221369.83,205852.18
20180301,427,600015.SH,9.25,9.36,9.2,9.31,9.3,0.01,0.11,180743.32,168238.944
20180228,428,600015.SH,9.35,9.36,9.28,9.3,9.4,-0.1,-1.06,237184.16,221179.584
20180227,429,600015.SH,9.55,9.56,9.36,9.4,9.54,-0.14,-1.47,300187.86,283535.786
20180226,430,600015.SH,9.56,9.65,9.47,9.54,9.57,-0.03,-0.31,447967.96,426785.342
20180223,431,600015.SH,9.43,9.6,9.41,9.57,9.44,0.13,1.38,319135.46,303566.248
20180222,432,600015.SH,9.42,9.46,9.37,9.44,9.29,0.15,1.61,280125.9,263816.505
20180214,433,600015.SH,9.27,9.32,9.22,9.29,9.29,0.0,0.0,157734.49,146215.981
20180213,434,600015.SH,9.24,9.39,9.21,9.29,9.17,0.12,1.31,401654.01,373078.661
20180212,435,600015.SH,9.25,9.25,9.13,9.17,9.22,-0.05,-0.54,360108.54,330605.668
20180209,436,600015.SH,9.44,9.53,9.01,9.22,9.66,-0.44,-4.55,576498.86,535140.029
20180208,437,600015.SH,9.88,9.93,9.54,9.66,10.0,-0.34,-3.4,728331.67,710975.128
20180207,438,600015.SH,10.23,10.42,9.88,10.0,10.12,-0.12,-1.19,1247407.0,1268521.907
20180206,439,600015.SH,10.22,10.32,10.02,10.12,10.4,-0.28,-2.69,1260313.68,1284342.084
20180205,440,600015.SH,9.79,10.42,9.77,10.4,9.88,0.52,5.26,1123397.95,1141593.678
20180202,441,600015.SH,9.9,9.91,9.74,9.88,9.99,-0.11,-1.1,430467.06,423556.876
20180201,442,600015.SH,9.83,10.0,9.76,9.99,9.85,0.14,1.42,746070.31,737409.551
20180131,443,600015.SH,9.73,9.87,9.68,9.85,9.75,0.1,1.03,453069.71,443557.631
20180130,444,600015.SH,9.91,9.94,9.74,9.75,9.94,-0.19,-1.91,569580.3,559726.814
20180129,445,600015.SH,10.04,10.14,9.89,9.94,10.06,-0.12,-1.19,700630.9,702517.425
20180126,446,600015.SH,9.96,10.11,9.92,10.06,9.98,0.08,0.8,578672.28,580105.656
20180125,447,600015.SH,10.06,10.07,9.89,9.98,10.07,-0.09,-0.89,567143.32,566304.32
20180124,448,600015.SH,10.01,10.19,9.87,10.07,9.99,0.08,0.8,1080119.12,1085319.339
20180123,449,600015.SH,9.69,9.99,9.67,9.99,9.67,0.32,3.31,944715.52,925750.734
20180122,450,600015.SH,9.76,9.88,9.62,9.67,9.83,-0.16,-1.63,683511.05,665503.346
20180119,451,600015.SH,9.72,10.0,9.72,9.83,9.65,0.18,1.87,1120551.89,1106453.53
20180118,452,600015.SH,9.55,9.66,9.5,9.65,9.52,0.13,1.37,520071.61,497500.151
20180117,453,600015.SH,9.4,9.73,9.4,9.52,9.42,0.1,1.06,839270.19,803444.336
20180116,454,600015.SH,9.38,9.45,9.33,9.42,9.4,0.02,0.21,404710.79,379192.292
20180115,455,600015.SH,9.35,9.5,9.32,9.4,9.36,0.04,0.43,527823.26,497369.341
20180112,456,600015.SH,9.29,9.39,9.29,9.36,9.29,0.07,0.75,277013.43,259081.222
20180111,457,600015.SH,9.33,9.38,9.27,9.29,9.35,-0.06,-0.64,292409.51,272322.067
20180110,458,600015.SH,9.19,9.37,9.17,9.35,9.19,0.16,1.74,487760.59,454020.821
20180109,459,600015.SH,9.18,9.26,9.16,9.19,9.19,0.0,0.0,155573.42,143140.639
20180108,460,600015.SH,9.15,9.22,9.12,9.19,9.16,0.03,0.33,197493.1,181231.933
20180105,461,600015.SH,9.15,9.17,9.13,9.16,9.15,0.01,0.11,198241.8,181363.308
20180104,462,600015.SH,9.13,9.17,9.11,9.15,9.13,0.02,0.22,122585.26,112020.694
20180103,463,600015.SH,9.1,9.16,9.07,9.13,9.11,0.02,0.22,194730.41,177751.308
20180102,464,600015.SH,9.02,9.13,9.01,9.11,9.0,0.11,1.22,269942.2,245627.203
20171229,465,600015.SH,8.95,9.0,8.95,9.0,8.96,0.04,0.45,121811.75,109402.84
20171228,466,600015.SH,8.98,9.02,8.95,8.96,9.01,-0.05,-0.55,139855.42,125660.428
20171227,467,600015.SH,9.05,9.05,8.96,9.01,9.06,-0.05,-0.55,239248.83,215349.272
20171226,468,600015.SH,8.98,9.07,8.96,9.06,8.98,0.08,0.89,172733.06,155809.957
20171225,469,600015.SH,9.06,9.09,8.97,8.98,9.06,-0.08,-0.88,218515.04,197463.93
20171222,470,600015.SH,9.09,9.1,9.02,9.06,9.09,-0.03,-0.33,225161.81,204016.641
20171221,471,600015.SH,9.1,9.14,9.05,9.09,9.12,-0.03,-0.33,186951.41,169987.623
20171220,472,600015.SH,9.13,9.14,9.05,9.12,9.13,-0.01,-0.11,153467.89,139482.988
20171219,473,600015.SH,9.08,9.17,9.07,9.13,9.09,0.04,0.44,165161.93,150689.753
20171218,474,600015.SH,9.05,9.1,9.04,9.09,9.05,0.04,0.44,145763.49,132295.626
20171215,475,600015.SH,9.14,9.15,9.05,9.05,9.12,-0.07,-0.77,150643.74,136670.954
20171214,476,600015.SH,9.22,9.24,9.11,9.12,9.21,-0.09,-0.98,193289.86,176855.087
20171213,477,600015.SH,9.21,9.24,9.14,9.21,9.22,-0.01,-0.11,196093.97,179980.361
20171212,478,600015.SH,9.27,9.27,9.2,9.22,9.26,-0.04,-0.43,103891.67,95866.189
20171211,479,600015.SH,9.27,9.28,9.2,9.26,9.27,-0.01,-0.11,178702.04,164976.683
20171208,480,600015.SH,9.35,9.36,9.27,9.27,9.38,-0.11,-1.17,222692.75,207160.208
20171207,481,600015.SH,9.37,9.38,9.28,9.38,9.39,-0.01,-0.11,265013.23,247429.54
20171206,482,600015.SH,9.45,9.47,9.33,9.39,9.49,-0.1,-1.05,349819.14,328374.545
20171205,483,600015.SH,9.31,9.52,9.31,9.49,9.31,0.18,1.93,851006.32,803635.117
20171204,484,600015.SH,9.29,9.36,9.26,9.31,9.29,0.02,0.22,192498.13,179086.607
20171201,485,600015.SH,9.27,9.32,9.25,9.29,9.27,0.02,0.22,215492.11,200014.02
20171130,486,600015.SH,9.23,9.36,9.21,9.27,9.24,0.03,0.32,336012.61,312218.12
20171129,487,600015.SH,9.27,9.3,9.15,9.24,9.28,-0.04,-0.43,326938.14,301677.833
20171128,488,600015.SH,9.33,9.36,9.26,9.28,9.38,-0.1,-1.07,178358.32,165704.32
20171127,489,600015.SH,9.35,9.39,9.23,9.38,9.38,0.0,0.0,455410.15,424465.92
20171124,490,600015.SH,9.28,9.4,9.18,9.38,9.31,0.07,0.75,622072.06,578408.104
20171123,491,600015.SH,9.38,9.49,9.23,9.31,9.4,-0.09,-0.96,694306.41,650766.977
20171122,492,600015.SH,9.23,9.54,9.23,9.4,9.24,0.16,1.73,965240.03,906352.609
20171121,493,600015.SH,9.12,9.3,9.11,9.24,9.12,0.12,1.32,581308.29,535597.05
20171120,494,600015.SH,9.09,9.14,9.02,9.12,9.13,-0.01,-0.11,446123.16,405465.476
20171117,495,600015.SH,8.92,9.15,8.92,9.13,8.93,0.2,2.24,648004.45,587146.176
20171116,496,600015.SH,8.99,9.01,8.93,8.93,9.01,-0.08,-0.89,176816.81,158281.333
20171115,497,600015.SH,9.0,9.03,8.98,9.01,9.02,-0.01,-0.11,157765.35,142097.821
20171114,498,600015.SH,9.04,9.06,8.99,9.02,9.05,-0.03,-0.33,182714.37,164748.141
20171113,499,600015.SH,8.98,9.15,8.98,9.05,8.97,0.08,0.89,395258.02,358409.723
20171110,500,600015.SH,9.06,9.06,8.96,8.97,9.04,-0.07,-0.77,199622.76,179512.214
20171109,501,600015.SH,9.04,9.11,9.03,9.04,9.06,-0.02,-0.22,196055.74,177801.222
20171108,502,600015.SH,9.0,9.11,8.99,9.06,9.02,0.04,0.44,268296.57,243416.91
20171107,503,600015.SH,8.94,9.06,8.92,9.02,8.94,0.08,0.89,292867.03,263190.091
20171106,504,600015.SH,8.98,8.99,8.92,8.94,9.02,-0.08,-0.89,217355.35,194374.116
20171103,505,600015.SH,8.99,9.04,8.91,9.02,9.0,0.02,0.22,384219.42,344192.721
20171102,506,600015.SH,9.03,9.04,8.92,9.0,9.03,-0.03,-0.33,372529.54,333879.171
20171101,507,600015.SH,9.07,9.09,9.01,9.03,9.09,-0.06,-0.66,361695.52,327265.475
20171031,508,600015.SH,9.26,9.26,9.04,9.09,9.34,-0.25,-2.68,806816.11,735688.348
20171030,509,600015.SH,9.43,9.46,9.25,9.34,9.43,-0.09,-0.95,497333.19,464231.537
20171027,510,600015.SH,9.35,9.46,9.34,9.43,9.36,0.07,0.75,439007.35,413385.522
20171026,511,600015.SH,9.4,9.41,9.33,9.36,9.42,-0.06,-0.64,251814.52,236195.634
20171025,512,600015.SH,9.39,9.45,9.36,9.42,9.39,0.03,0.32,186624.06,175327.557
20171024,513,600015.SH,9.34,9.41,9.34,9.39,9.34,0.05,0.54,199252.34,186735.307
20171023,514,600015.SH,9.36,9.37,9.33,9.34,9.36,-0.02,-0.21,130100.13,121646.884
20171020,515,600015.SH,9.35,9.37,9.32,9.36,9.37,-0.01,-0.11,131077.42,122546.927
20171019,516,600015.SH,9.36,9.37,9.3,9.37,9.37,0.0,0.0,300675.54,280806.427
20171018,517,600015.SH,9.33,9.38,9.31,9.37,9.33,0.04,0.43,299914.93,280207.168
20171017,518,600015.SH,9.37,9.38,9.32,9.33,9.36,-0.03,-0.32,156007.15,145775.259
20171016,519,600015.SH,9.35,9.39,9.33,9.36,9.35,0.01,0.11,285103.36,266792.426
20171013,520,600015.SH,9.37,9.39,9.34,9.35,9.38,-0.03,-0.32,207167.95,193849.823
20171012,521,600015.SH,9.41,9.41,9.34,9.38,9.41,-0.03,-0.32,222565.4,208528.651
20171011,522,600015.SH,9.41,9.45,9.37,9.41,9.42,-0.01,-0.11,263122.26,247454.214
20171010,523,600015.SH,9.41,9.43,9.34,9.42,9.41,0.01,0.11,252024.57,236648.064
20171009,524,600015.SH,9.48,9.52,9.38,9.41,9.27,0.14,1.51,495260.3,467332.053
20170929,525,600015.SH,9.27,9.32,9.24,9.27,9.26,0.01,0.11,193608.21,179666.943
20170928,526,600015.SH,9.29,9.29,9.23,9.26,9.27,-0.01,-0.11,207383.32,191967.911
20170927,527,600015.SH,9.33,9.34,9.26,9.27,9.34,-0.07,-0.75,280060.63,260233.952
20170926,528,600015.SH,9.34,9.36,9.31,9.34,9.38,-0.04,-0.43,204580.22,191016.95
20170925,529,600015.SH,9.37,9.39,9.26,9.38,9.38,0.0,0.0,441129.3,411566.261
20170922,530,600015.SH,9.33,9.39,9.31,9.38,9.35,0.03,0.32,387788.92,362820.25
20170921,531,600015.SH,9.32,9.4,9.3,9.35,9.33,0.02,0.21,284213.13,265709.903
20170920,532,600015.SH,9.34,9.34,9.3,9.33,9.34,-0.01,-0.11,213484.99,198934.882
20170919,533,600015.SH,9.33,9.36,9.3,9.34,9.33,0.01,0.11,271656.5,253346.831
20170918,534,600015.SH,9.31,9.37,9.31,9.33,9.33,0.0,0.0,278058.32,259672.093
20170915,535,600015.SH,9.33,9.35,9.3,9.33,9.35,-0.02,-0.21,206248.07,192381.99
20170914,536,600015.SH,9.38,9.4,9.31,9.35,9.38,-0.03,-0.32,243503.05,227756.557
20170913,537,600015.SH,9.42,9.42,9.31,9.38,9.42,-0.04,-0.42,192307.59,180249.642
20170912,538,600015.SH,9.42,9.45,9.36,9.42,9.41,0.01,0.11,286947.63,269701.131
20170911,539,600015.SH,9.42,9.48,9.4,9.41,9.41,0.0,0.0,312870.4,294979.175
20170908,540,600015.SH,9.41,9.46,9.38,9.41,9.41,0.0,0.0,258281.24,243141.486
20170907,541,600015.SH,9.5,9.52,9.4,9.41,9.5,-0.09,-0.95,385649.17,364537.219
20170906,542,600015.SH,9.54,9.55,9.45,9.5,9.58,-0.08,-0.84,335838.04,318678.864
20170905,543,600015.SH,9.55,9.63,9.5,9.58,9.55,0.03,0.31,424593.68,406836.82
20170904,544,600015.SH,9.49,9.55,9.41,9.55,9.51,0.04,0.42,329447.3,312696.874
20170901,545,600015.SH,9.49,9.55,9.46,9.51,9.52,-0.01,-0.11,325122.6,309367.444
20170831,546,600015.SH,9.62,9.65,9.41,9.52,9.63,-0.11,-1.14,525616.37,499848.418
20170830,547,600015.SH,9.72,9.75,9.63,9.63,9.72,-0.09,-0.93,397017.15,384118.533
20170829,548,600015.SH,9.71,9.74,9.63,9.72,9.74,-0.02,-0.21,368252.56,357089.88
20170828,549,600015.SH,9.68,9.8,9.65,9.74,9.68,0.06,0.62,849535.58,824616.853
20170825,550,600015.SH,9.31,9.69,9.3,9.68,9.32,0.36,3.86,900604.49,856613.737
20170824,551,600015.SH,9.38,9.45,9.3,9.32,9.4,-0.08,-0.85,375333.46,351730.169
20170823,552,600015.SH,9.34,9.44,9.29,9.4,9.33,0.07,0.75,571276.23,535765.372
20170822,553,600015.SH,9.36,9.38,9.29,9.33,9.35,-0.02,-0.21,329256.56,307060.664
20170821,554,600015.SH,9.39,9.39,9.3,9.35,9.38,-0.03,-0.32,319310.61,298135.985
20170818,555,600015.SH,9.32,9.44,9.31,9.38,9.37,0.01,0.11,433046.09,406166.558
20170817,556,600015.SH,9.27,9.38,9.26,9.37,9.28,0.09,0.97,356197.14,331814.945
20170816,557,600015.SH,9.3,9.3,9.24,9.28,9.32,-0.04,-0.43,299452.98,277595.021
20170815,558,600015.SH,9.3,9.43,9.25,9.32,9.3,0.02,0.22,759776.3,709968.703
20170814,559,600015.SH,9.32,9.34,9.24,9.3,9.35,-0.05,-0.53,508348.55,471394.654
20170811,560,600015.SH,9.59,9.59,9.2,9.35,9.7,-0.35,-3.61,1094260.72,1022930.519
20170810,561,600015.SH,9.6,9.74,9.59,9.7,9.64,0.06,0.62,374727.37,362477.063
20170809,562,600015.SH,9.77,9.77,9.58,9.64,9.77,-0.13,-1.33,352248.18,340250.37
20170808,563,600015.SH,9.76,9.81,9.74,9.77,9.8,-0.03,-0.31,318925.59,311666.288
20170807,564,600015.SH,9.75,9.82,9.73,9.8,9.82,-0.02,-0.2,274830.76,268430.019
20170804,565,600015.SH,9.83,9.91,9.75,9.82,9.86,-0.04,-0.41,520644.86,511811.184
20170803,566,600015.SH,10.09,10.11,9.82,9.86,10.09,-0.23,-2.28,637467.82,632627.018
20170802,567,600015.SH,10.15,10.23,10.08,10.09,10.15,-0.06,-0.59,544066.91,552110.018
20170801,568,600015.SH,9.99,10.17,9.95,10.15,10.0,0.15,1.5,794237.77,800434.182
20170731,569,600015.SH,10.0,10.04,9.87,10.0,10.0,0.0,0.0,477401.81,475163.694
20170728,570,600015.SH,9.97,10.02,9.91,10.0,9.98,0.02,0.2,261636.71,260874.292
20170727,571,600015.SH,9.97,10.01,9.87,9.98,9.99,-0.01,-0.1,373870.2,371588.699
20170726,572,600015.SH,10.0,10.17,9.9,9.99,10.05,-0.06,-0.6,645629.88,646826.842
20170725,573,600015.SH,10.17,10.28,9.99,10.05,10.19,-0.14,-1.37,785317.08,795445.854
20170724,574,600015.SH,10.12,10.23,10.08,10.19,10.13,0.06,0.59,512271.71,520250.982
20170721,575,600015.SH,10.25,10.26,10.05,10.13,10.26,-0.13,-1.27,526566.67,533336.859
20170720,576,600015.SH,10.3,10.36,10.17,10.26,10.36,-0.1,-0.97,524691.14,536902.114
20170719,577,600015.SH,10.18,10.38,10.18,10.36,10.21,0.15,1.47,696770.34,714813.947
20170718,578,600015.SH,10.19,10.31,9.95,10.21,10.31,-0.1,-0.97,722200.07,733302.055
20170717,579,600015.SH,10.24,10.64,10.03,10.31,10.19,0.12,1.18,1563401.87,1615481.798
20170714,580,600015.SH,9.82,10.2,9.81,10.19,9.78,0.41,4.19,1454127.19,1453643.709
20170713,581,600015.SH,9.5,9.79,9.5,9.78,9.53,0.25,2.62,785362.08,760505.093
20170712,582,600015.SH,9.5,9.72,9.47,9.53,9.49,0.04,0.42,920180.76,883561.249
20170711,583,600015.SH,9.21,9.65,9.21,9.49,9.25,0.24,2.59,957893.22,909306.169
20170710,584,600015.SH,9.25,9.26,9.2,9.25,9.24,0.01,0.11,230347.26,212620.898
20170707,585,600015.SH,9.25,9.27,9.17,9.24,9.26,-0.02,-0.22,341291.78,314423.272
20170706,586,600015.SH,9.22,9.31,9.19,9.26,9.23,0.03,0.33,327214.41,302319.447
20170705,587,600015.SH,9.17,9.25,9.15,9.23,9.19,0.04,0.44,328865.1,302703.553
20170704,588,600015.SH,9.17,9.2,9.12,9.19,9.17,0.02,0.22,314042.05,287801.855
20170703,589,600015.SH,9.21,9.22,9.14,9.17,9.22,-0.05,-0.54,314170.76,288310.698
20170630,590,600015.SH,9.27,9.27,9.14,9.22,9.3,-0.08,-0.86,413171.9,379909.268
20170629,591,600015.SH,9.35,9.38,9.25,9.3,9.31,-0.01,-0.11,421235.5,391868.317
20170628,592,600015.SH,11.09,11.41,11.07,11.35,11.12,0.23,2.07,819088.78,924910.531
20170627,593,600015.SH,11.01,11.21,10.93,11.12,10.99,0.13,1.18,486302.98,536130.857
20170626,594,600015.SH,11.05,11.23,10.97,10.99,11.02,-0.03,-0.27,609652.95,676472.018
20170623,595,600015.SH,10.9,11.07,10.83,11.02,10.92,0.1,0.92,390048.88,426527.612
20170622,596,600015.SH,10.71,11.16,10.7,10.92,10.72,0.2,1.87,831503.85,912300.086
20170621,597,600015.SH,10.74,10.75,10.64,10.72,10.7,0.02,0.19,242776.13,259600.978
20170620,598,600015.SH,10.73,10.76,10.67,10.7,10.72,-0.02,-0.19,147511.16,157874.5
20170619,599,600015.SH,10.71,10.76,10.64,10.72,10.71,0.01,0.09,242240.78,259645.879
20170616,600,600015.SH,10.7,10.74,10.68,10.71,10.68,0.03,0.28,134720.54,144336.162
20170615,601,600015.SH,10.74,10.75,10.66,10.68,10.76,-0.08,-0.74,181981.34,194627.654
20170614,602,600015.SH,10.8,10.8,10.66,10.76,10.79,-0.03,-0.28,235109.57,252117.063
20170613,603,600015.SH,10.82,10.84,10.71,10.79,10.83,-0.04,-0.37,220377.93,237202.524
20170612,604,600015.SH,10.92,10.96,10.82,10.83,10.93,-0.1,-0.91,218430.52,237806.611
20170609,605,600015.SH,10.78,11.01,10.78,10.93,10.79,0.14,1.3,532584.26,581705.361
20170608,606,600015.SH,10.79,10.8,10.71,10.79,10.79,0.0,0.0,219516.44,236083.917
20170607,607,600015.SH,10.68,10.83,10.68,10.79,10.7,0.09,0.84,325749.17,350879.271
20170606,608,600015.SH,10.67,10.72,10.61,10.7,10.7,0.0,0.0,199267.95,212428.818
20170605,609,600015.SH,10.8,10.81,10.61,10.7,10.82,-0.12,-1.11,348813.96,371967.88
20170602,610,600015.SH,10.8,10.94,10.76,10.82,10.82,0.0,0.0,375465.14,407114.512
20170601,611,600015.SH,10.72,10.83,10.69,10.82,10.71,0.11,1.03,408679.03,439597.453
20170531,612,600015.SH,10.74,10.84,10.69,10.71,10.73,-0.02,-0.19,372467.33,400661.232
20170526,613,600015.SH,10.76,10.81,10.68,10.73,10.78,-0.05,-0.46,370255.8,397404.581
20170525,614,600015.SH,10.39,10.89,10.37,10.78,10.42,0.36,3.45,836176.54,893766.085
20170524,615,600015.SH,10.38,10.45,10.26,10.42,10.4,0.02,0.19,326650.16,337968.396
20170523,616,600015.SH,10.23,10.51,10.23,10.4,10.25,0.15,1.46,388437.5,403434.544
20170522,617,600015.SH,10.23,10.32,10.18,10.25,10.24,0.01,0.1,254879.03,261345.321
20170519,618,600015.SH,10.25,10.29,10.23,10.24,10.26,-0.02,-0.19,151042.1,154925.464
20170518,619,600015.SH,10.28,10.32,10.22,10.26,10.33,-0.07,-0.68,189636.48,194734.718
20170517,620,600015.SH,10.4,10.42,10.32,10.33,10.44,-0.11,-1.05,213548.14,221442.655
20170516,621,600015.SH,10.45,10.48,10.31,10.44,10.46,-0.02,-0.19,280661.46,291173.313
20170515,622,600015.SH,10.53,10.6,10.46,10.46,10.54,-0.08,-0.76,260730.19,274289.769
20170512,623,600015.SH,10.26,10.54,10.24,10.54,10.26,0.28,2.73,410800.67,429451.916
20170511,624,600015.SH,10.19,10.29,10.16,10.26,10.21,0.05,0.49,192580.56,197054.444
20170510,625,600015.SH,10.23,10.33,10.18,10.21,10.23,-0.02,-0.2,255110.85,261884.812
20170509,626,600015.SH,10.12,10.27,10.07,10.23,10.15,0.08,0.79,261167.38,266071.627
20170508,627,600015.SH,10.1,10.16,10.03,10.15,10.14,0.01,0.1,285490.25,288095.985
20170505,628,600015.SH,10.15,10.16,10.05,10.14,10.17,-0.03,-0.3,304549.39,307366.369
20170504,629,600015.SH,10.23,10.25,10.13,10.17,10.25,-0.08,-0.78,305019.77,310777.979
20170503,630,600015.SH,10.36,10.37,10.15,10.25,10.36,-0.11,-1.06,345715.85,354427.992
20170502,631,600015.SH,10.5,10.56,10.3,10.36,10.63,-0.27,-2.54,529631.74,551658.753
20170428,632,600015.SH,10.65,10.67,10.46,10.63,10.65,-0.02,-0.19,426814.34,450543.043
20170427,633,600015.SH,10.62,10.68,10.59,10.65,10.66,-0.01,-0.09,305826.76,325178.304
20170426,634,600015.SH,10.74,10.8,10.66,10.66,10.76,-0.1,-0.93,308229.96,330724.449
20170425,635,600015.SH,10.75,10.82,10.71,10.76,10.75,0.01,0.09,283695.53,305471.945
20170424,636,600015.SH,10.8,10.81,10.7,10.75,10.81,-0.06,-0.56,226196.01,243131.215
20170421,637,600015.SH,10.7,10.84,10.69,10.81,10.71,0.1,0.93,241132.54,260042.087
20170420,638,600015.SH,10.7,10.73,10.65,10.71,10.68,0.03,0.28,211368.7,225857.004
20170419,639,600015.SH,10.66,10.72,10.6,10.68,10.7,-0.02,-0.19,270289.37,288073.179
20170418,640,600015.SH,10.83,10.84,10.67,10.7,10.85,-0.15,-1.38,260443.05,279938.267
20170417,641,600015.SH,10.8,10.88,10.71,10.85,10.82,0.03,0.28,279016.52,300572.189
20170414,642,600015.SH,10.89,10.92,10.74,10.82,10.9,-0.08,-0.73,362423.39,392403.555
20170413,643,600015.SH,11.03,11.06,10.86,10.9,11.06,-0.16,-1.45,476421.58,521374.173
20170412,644,600015.SH,11.14,11.16,11.04,11.06,11.16,-0.1,-0.9,297486.73,330287.956
20170411,645,600015.SH,11.18,11.2,11.03,11.16,11.21,-0.05,-0.45,405498.66,450504.26
20170410,646,600015.SH,11.35,11.35,11.18,11.21,11.35,-0.14,-1.23,367164.38,412974.166
20170407,647,600015.SH,11.3,11.36,11.29,11.35,11.32,0.03,0.27,230825.95,261453.438
20170406,648,600015.SH,11.35,11.4,11.29,11.32,11.39,-0.07,-0.61,306128.55,347005.387
20170405,649,600015.SH,11.46,11.49,11.28,11.39,11.29,0.1,0.89,456849.7,518883.963
20170331,650,600015.SH,11.18,11.32,11.15,11.29,11.18,0.11,0.98,257264.21,289456.245
20170330,651,600015.SH,11.18,11.23,11.12,11.18,11.17,0.01,0.09,211340.47,236077.775
20170329,652,600015.SH,11.26,11.3,11.11,11.17,11.23,-0.06,-0.53,267869.75,299844.377
20170328,653,600015.SH,11.31,11.37,11.22,11.23,11.34,-0.11,-0.97,172853.21,195033.997
20170327,654,600015.SH,11.2,11.45,11.19,11.34,11.22,0.12,1.07,350762.4,398484.406
20170324,655,600015.SH,11.12,11.26,11.08,11.22,11.12,0.1,0.9,337589.95,377011.012
20170323,656,600015.SH,11.09,11.21,11.07,11.12,11.06,0.06,0.54,233323.56,260107.124
20170322,657,600015.SH,11.17,11.17,11.03,11.06,11.19,-0.13,-1.16,335538.84,372075.649
20170321,658,600015.SH,11.22,11.24,11.13,11.19,11.22,-0.03,-0.27,276483.08,309068.582
20170320,659,600015.SH,11.28,11.33,11.16,11.22,11.28,-0.06,-0.53,200882.47,225632.773
20170317,660,600015.SH,11.42,11.44,11.27,11.28,11.41,-0.13,-1.14,289881.68,329252.658
20170316,661,600015.SH,11.44,11.52,11.4,11.41,11.42,-0.01,-0.09,335822.19,384839.666
20170315,662,600015.SH,11.48,11.48,11.38,11.42,11.49,-0.07,-0.61,198040.88,226113.127
20170314,663,600015.SH,11.46,11.51,11.43,11.49,11.47,0.02,0.17,206702.8,237185.195
20170313,664,600015.SH,11.38,11.51,11.35,11.47,11.38,0.09,0.79,228610.56,261636.753
20170310,665,600015.SH,11.44,11.48,11.36,11.38,11.44,-0.06,-0.52,174406.79,198884.579
20170309,666,600015.SH,11.58,11.59,11.37,11.44,11.59,-0.15,-1.29,183093.26,209640.65
20170308,667,600015.SH,11.55,11.63,11.55,11.59,11.6,-0.01,-0.09,109022.32,126296.503
20170307,668,600015.SH,11.5,11.61,11.47,11.6,11.51,0.09,0.78,154067.38,177989.278
20170306,669,600015.SH,11.42,11.57,11.41,11.51,11.43,0.08,0.7,232762.36,268223.667
20170303,670,600015.SH,11.39,11.48,11.36,11.43,11.43,0.0,0.0,177558.31,202991.322
20170302,671,600015.SH,11.6,11.68,11.42,11.43,11.58,-0.15,-1.3,275491.99,317927.311
20170301,672,600015.SH,11.68,11.82,11.51,11.58,11.67,-0.09,-0.77,414398.09,483831.304
20170228,673,600015.SH,11.61,11.73,11.6,11.67,11.61,0.06,0.52,188791.02,220412.191
20170227,674,600015.SH,11.7,11.7,11.57,11.61,11.73,-0.12,-1.02,241903.02,281357.582
20170224,675,600015.SH,11.8,11.83,11.61,11.73,11.83,-0.1,-0.85,265896.36,310709.678
20170223,676,600015.SH,11.88,11.95,11.74,11.83,11.93,-0.1,-0.84,157292.79,186332.124
20170222,677,600015.SH,11.87,11.93,11.8,11.93,11.88,0.05,0.42,184438.35,218989.531
20170221,678,600015.SH,11.9,12.03,11.84,11.88,11.88,0.0,0.0,342903.77,409620.661
20170220,679,600015.SH,11.62,12.0,11.61,11.88,11.6,0.28,2.41,623814.27,741223.774
20170217,680,600015.SH,11.72,11.75,11.55,11.6,11.72,-0.12,-1.02,175491.66,204551.907
20170216,681,600015.SH,11.7,11.77,11.65,11.72,11.69,0.03,0.26,210611.8,246521.894
20170215,682,600015.SH,11.57,11.76,11.56,11.69,11.56,0.13,1.12,364145.84,425337.919
20170214,683,600015.SH,11.64,11.66,11.52,11.56,11.63,-0.07,-0.6,201497.4,233283.676
20170213,684,600015.SH,11.63,11.76,11.57,11.63,11.63,0.0,0.0,345181.02,402777.754
20170210,685,600015.SH,11.48,11.66,11.47,11.63,11.47,0.16,1.39,208139.68,241450.25
20170209,686,600015.SH,11.41,11.56,11.39,11.47,11.42,0.05,0.44,112404.85,129143.91
20170208,687,600015.SH,11.36,11.43,11.32,11.42,11.37,0.05,0.44,155733.93,177257.278
20170207,688,600015.SH,11.36,11.39,11.3,11.37,11.36,0.01,0.09,125184.71,142009.671
20170206,689,600015.SH,11.48,11.53,11.33,11.36,11.49,-0.13,-1.13,166418.33,189639.817
20170203,690,600015.SH,11.62,11.65,11.46,11.49,11.59,-0.1,-0.86,174157.78,200613.865
20170126,691,600015.SH,11.55,11.72,11.53,11.59,11.55,0.04,0.35,144942.74,168760.961
20170125,692,600015.SH,11.49,11.58,11.44,11.55,11.49,0.06,0.52,149998.63,172949.831
20170124,693,600015.SH,11.34,11.55,11.31,11.49,11.32,0.17,1.5,255565.91,292629.063
20170123,694,600015.SH,11.35,11.38,11.28,11.32,11.37,-0.05,-0.44,121284.0,137390.042
20170120,695,600015.SH,11.24,11.43,11.24,11.37,11.26,0.11,0.98,181757.01,206717.801
20170119,696,600015.SH,11.22,11.41,11.19,11.26,11.25,0.01,0.09,247783.73,280659.827
20170118,697,600015.SH,11.14,11.27,11.13,11.25,11.13,0.12,1.08,179570.0,201123.541
20170117,698,600015.SH,11.1,11.18,11.08,11.13,11.13,0.0,0.0,180912.88,201465.21
20170116,699,600015.SH,10.92,11.17,10.91,11.13,10.95,0.18,1.64,693449.88,766054.5
20170113,700,600015.SH,10.83,11.08,10.81,10.95,10.85,0.1,0.92,181515.12,198708.528
20170112,701,600015.SH,10.92,10.93,10.83,10.85,10.88,-0.03,-0.28,117852.34,128190.314
20170111,702,600015.SH,11.05,11.07,10.87,10.88,11.07,-0.19,-1.72,230586.51,252708.747
20170110,703,600015.SH,11.08,11.11,11.03,11.07,11.07,0.0,0.0,98127.29,108673.225
20170109,704,600015.SH,10.98,11.15,10.97,11.07,11.01,0.06,0.55,137073.72,151753.147
20170106,705,600015.SH,11.14,11.16,10.96,11.01,11.12,-0.11,-0.99,222536.08,245385.744
20170105,706,600015.SH,11.2,11.25,11.1,11.12,11.2,-0.08,-0.71,140835.37,157218.396
20170104,707,600015.SH,11.15,11.28,11.1,11.2,11.14,0.06,0.54,281442.9,315565.767
20170103,708,600015.SH,10.89,11.25,10.88,11.14,10.85,0.29,2.67,362450.17,401975.043
